[
  {
    "topic": "linear algebra and calculus",
    "tips": "Focus on vector spaces, eigenvalues, and determinants in Linear Algebra. For Calculus, master differentiation, integration, and applications in real-world problems.",
    "youtube": "https://youtube.com/playlist?list=PL7lBkW4pLsIK-G03ZOcyJ34cMKc5iQ4QA&si=1eZMFqIjoNqC0X-C"
  },
  {
    "topic": "engineering graphics",
    "tips": "Practice orthographic projections, isometric views, and sectional views. Get comfortable with CAD software like AutoCAD or SolidWorks",
    "youtube": "https://youtube.com/playlist?list=PLbQL6jsbZ8PMYE0mKsZB-ayMVQ6K6o2MJ&si=9lb9p_qc8KN6pTLb"
  },
  {
    "topic": "engineering chemistry",
    "tips": "Understand polymers, corrosion prevention, water treatment, and electrochemistry. Solve previous year question papers to grasp key concepts",
    "youtube": "https://youtube.com/playlist?list=PLLQAWQRZZ8UnuKwiiFPAqZFyiTqwEv4-5&si=MFGcp0VD_7xtFsUn"
  },
  {
    "topic": "basics of civil and mechanical",
    "tips": "For Civil, focus on construction materials, structural analysis, and surveying basics. For Mechanical, grasp thermodynamics, fluid mechanics, and manufacturing processes",
    "youtube": "https://youtube.com/playlist?list=PLqvQxztET46Hh85303fQjOAO3YAX1HoYC&si=8B2PWGZx6fvYMqDP"
  },
  {
    "topic": "Formal languages and Automata Theory",
    "tips": "Focus on finite automata, grammars, pushdown automata, and Turing machines. Use JFLAP for visualization and practice problems regularly.",
    "youtube": "https://youtube.com/playlist?list=PLv-1irVkw_hTCF4OnjtzUEiwid1iYxsGs&si=77lpVkybIKGR7G1G"
    },
    {
    "topic": "Computer Networks",
    "tips":  "Master OSI & TCP/IP models, subnetting, routing, and protocols like HTTP, TCP, and UDP. Use network simulators like Cisco Packet Tracer for practice.",
    "youtube": "https://youtube.com/playlist?list=PLI74-7rtCb9BRUw6JzCm_wwLdQJc3jSwO&si=cKmBrZ5nZWKvn8Ls"
    },
    {
    "topic": "Database Management Systems",
    "tips": "Focus on SQL, normalization, indexing, and transactions. Practice queries on MySQL or PostgreSQL and understand ER diagrams and ACID properties.",
    "youtube": "https://www.youtube.com/playlist?list=PLLOxZwkBK52BQwPZOU3bZ1zFg0Wy_1itG"
    },
    {
    "topic": "System Software",
    "tips": "Learn assemblers, linkers, loaders, and compilers. Focus on OS interaction, memory management, and process scheduling concepts."  ,
    "youtube": "https://youtube.com/playlist?list=PLv-1irVkw_hTDl_KBHhAoHvPYYGPrrlxg&si=Olh2d-7Ga5KLjqSU"
    },
    {
      "topic": "Microprocessors and Microcontrollers",
      "tips": "Understand automata, regular expressions, Turing machines, and complexity classes. Create mind maps.",
      "youtube": "https://youtube.com/playlist?list=PLv-1irVkw_hRGYDo7vZfWHJKMpQDJ9X5E&si=wtf8UdSe8ePeURTR"
    },
    {
      "topic": "Management of System Software",
     "tips": "Understand architecture, instruction sets, and interfacing. Focus on 8085, 8051, and ARM basics. Practice assembly language programming.",  
      "youtube": "https://youtube.com/playlist?list=PLv-1irVkw_hSFkiGGqbeArmkMNAl4detq&si=7HQm1PaPxeTTlsFi"
    },
   {
      "topic": "Disaster Management",
       "tips": "Learn disaster types, risk assessment, mitigation strategies, and recovery plans. Focus on early warning systems and emergency response." ,
      "youtube": "https://youtube.com/playlist?list=PLvhpYlsgi9lA62XcNQuHoi1urRhRlyIJg&si=1cXuVOodRmUk33D7"
    }
  
  ]
  

